{
  "task": "multi_dim",
  "dim_metrics": {
    "mos": {
      "n": 480,
      "mae": 0.43831442273507837,
      "rmse": 0.5716386448337386,
      "pearson_r": 0.8419485761904587,
      "spearman_rho": 0.8243179730731941,
      "n_total": 480,
      "n_no_number": 0
    },
    "noi": {
      "n": 426,
      "mae": 0.3855639179353874,
      "rmse": 0.4854265323841775,
      "pearson_r": 0.8622108706014683,
      "spearman_rho": 0.8086576548467973,
      "n_total": 480,
      "n_no_number": 54
    },
    "col": {
      "n": 426,
      "mae": 0.4846903403438368,
      "rmse": 0.6236551767331555,
      "pearson_r": 0.7394283454308604,
      "spearman_rho": 0.7083567732411424,
      "n_total": 480,
      "n_no_number": 54
    },
    "dis": {
      "n": 426,
      "mae": 0.7889821908612663,
      "rmse": 1.0219328392925207,
      "pearson_r": 0.46310396285840566,
      "spearman_rho": 0.4631849516392901,
      "n_total": 480,
      "n_no_number": 54
    },
    "loud": {
      "n": 426,
      "mae": 0.6421290585176724,
      "rmse": 0.7986168410090453,
      "pearson_r": 0.6048983437798765,
      "spearman_rho": 0.6156318663020416,
      "n_total": 480,
      "n_no_number": 54
    }
  },
  "multi_dim_sample_stats": {
    "n_samples": 480,
    "n_full": 426,
    "n_partial": 54,
    "n_none": 0
  }
}