{
  "task": "mos_numeric",
  "dim_metrics": {
    "mos": {
      "n": 480,
      "mae": 0.4764869178979857,
      "rmse": 0.6228960805800675,
      "pearson_r": 0.8174823680056237,
      "spearman_rho": 0.804147854434193,
      "n_total": 480,
      "n_no_number": 0
    }
  },
  "multi_dim_sample_stats": {
    "n_samples": 0,
    "n_full": 0,
    "n_partial": 0,
    "n_none": 0
  }
}