{
  "task": "multi_dim",
  "dim_metrics": {
    "mos": {
      "n": 480,
      "mae": 0.40114598959328956,
      "rmse": 0.5081681963882102,
      "pearson_r": 0.8789567908032027,
      "spearman_rho": 0.8679425095129433,
      "n_total": 480,
      "n_no_number": 0
    },
    "noi": {
      "n": 480,
      "mae": 0.37136883156019,
      "rmse": 0.47615856094290354,
      "pearson_r": 0.845120953967792,
      "spearman_rho": 0.804030035034433,
      "n_total": 480,
      "n_no_number": 0
    },
    "col": {
      "n": 480,
      "mae": 0.4358911831352357,
      "rmse": 0.556220498749668,
      "pearson_r": 0.7883527249167878,
      "spearman_rho": 0.7704074670161807,
      "n_total": 480,
      "n_no_number": 0
    },
    "dis": {
      "n": 480,
      "mae": 0.47022287242451266,
      "rmse": 0.6171455191534679,
      "pearson_r": 0.8179716245947376,
      "spearman_rho": 0.8078081795175498,
      "n_total": 480,
      "n_no_number": 0
    },
    "loud": {
      "n": 480,
      "mae": 0.38864147155716705,
      "rmse": 0.48270915349459276,
      "pearson_r": 0.8579464507280529,
      "spearman_rho": 0.8265238117841307,
      "n_total": 480,
      "n_no_number": 0
    }
  },
  "multi_dim_sample_stats": {
    "n_samples": 480,
    "n_full": 480,
    "n_partial": 0,
    "n_none": 0
  }
}