{
  "task": "explanatory",
  "dim_metrics": {
    "mos": {
      "n": 480,
      "mae": 0.39163842942787946,
      "rmse": 0.4990373815036243,
      "pearson_r": 0.8817287611920914,
      "spearman_rho": 0.8703965682445572,
      "n_total": 480,
      "n_no_number": 0
    }
  },
  "multi_dim_sample_stats": {
    "n_samples": 0,
    "n_full": 0,
    "n_partial": 0,
    "n_none": 0
  }
}