{
  "task": "explanatory",
  "dim_metrics": {
    "mos": {
      "n": 712,
      "mae": 0.47689451149787904,
      "rmse": 0.6273212920412418,
      "pearson_r": 0.797032793364049,
      "spearman_rho": 0.7929222030966595,
      "n_total": 712,
      "n_no_number": 0
    }
  },
  "multi_dim_sample_stats": {
    "n_samples": 0,
    "n_full": 0,
    "n_partial": 0,
    "n_none": 0
  }
}