{
  "task": "multi_dim",
  "dim_metrics": {
    "mos": {
      "n": 712,
      "mae": 0.49737690910321253,
      "rmse": 0.6660943171355576,
      "pearson_r": 0.7610088209951964,
      "spearman_rho": 0.7463601430961097,
      "n_total": 712,
      "n_no_number": 0
    },
    "noi": {
      "n": 709,
      "mae": 0.46390845571145256,
      "rmse": 0.6200696663944033,
      "pearson_r": 0.7418985246711791,
      "spearman_rho": 0.7351896008561685,
      "n_total": 712,
      "n_no_number": 3
    },
    "col": {
      "n": 707,
      "mae": 0.4366198718999578,
      "rmse": 0.5725770128954261,
      "pearson_r": 0.7268775529982116,
      "spearman_rho": 0.7076861381456834,
      "n_total": 712,
      "n_no_number": 5
    },
    "dis": {
      "n": 707,
      "mae": 0.5459833078113885,
      "rmse": 0.7486041760481011,
      "pearson_r": 0.7190441656350764,
      "spearman_rho": 0.6965889487676629,
      "n_total": 712,
      "n_no_number": 5
    },
    "loud": {
      "n": 684,
      "mae": 0.43247435879534163,
      "rmse": 0.5819627133506992,
      "pearson_r": 0.7651091440327343,
      "spearman_rho": 0.7371186172233759,
      "n_total": 712,
      "n_no_number": 28
    }
  },
  "multi_dim_sample_stats": {
    "n_samples": 712,
    "n_full": 684,
    "n_partial": 28,
    "n_none": 0
  }
}