{
  "task": "explanatory",
  "dim_metrics": {
    "mos": {
      "n": 480,
      "mae": 0.44129702511316166,
      "rmse": 0.5748255987839013,
      "pearson_r": 0.8242515655794737,
      "spearman_rho": 0.8024234894623659,
      "n_total": 480,
      "n_no_number": 0
    }
  },
  "multi_dim_sample_stats": {
    "n_samples": 0,
    "n_full": 0,
    "n_partial": 0,
    "n_none": 0
  }
}