{
  "task": "multi_dim",
  "dim_metrics": {
    "mos": {
      "n": 480,
      "mae": 0.5346694792097533,
      "rmse": 0.6900683414526178,
      "pearson_r": 0.8171871772803365,
      "spearman_rho": 0.8033098925637812,
      "n_total": 480,
      "n_no_number": 0
    },
    "noi": {
      "n": 68,
      "mae": 0.5271168515024675,
      "rmse": 0.6517281167604857,
      "pearson_r": 0.7517115085357902,
      "spearman_rho": 0.74754252711864,
      "n_total": 480,
      "n_no_number": 412
    },
    "col": {
      "n": 68,
      "mae": 0.6245799629428428,
      "rmse": 0.7925197152274643,
      "pearson_r": 0.377609915662092,
      "spearman_rho": 0.15194753501833824,
      "n_total": 480,
      "n_no_number": 412
    },
    "dis": {
      "n": 68,
      "mae": 0.7440380089631321,
      "rmse": 0.9783143779467716,
      "pearson_r": 0.44401662276163484,
      "spearman_rho": 0.4131872024689177,
      "n_total": 480,
      "n_no_number": 412
    },
    "loud": {
      "n": 65,
      "mae": 0.5438811137755365,
      "rmse": 0.6906463568567488,
      "pearson_r": 0.6879245891838234,
      "spearman_rho": 0.7007280859110622,
      "n_total": 480,
      "n_no_number": 415
    }
  },
  "multi_dim_sample_stats": {
    "n_samples": 480,
    "n_full": 65,
    "n_partial": 415,
    "n_none": 0
  }
}