{
  "task": "mos_numeric",
  "dim_metrics": {
    "mos": {
      "n": 712,
      "mae": 0.5128672192469583,
      "rmse": 0.6675477864718473,
      "pearson_r": 0.7706781845423397,
      "spearman_rho": 0.7665018722261642,
      "n_total": 712,
      "n_no_number": 0
    }
  },
  "multi_dim_sample_stats": {
    "n_samples": 0,
    "n_full": 0,
    "n_partial": 0,
    "n_none": 0
  }
}