{
  "task": "dim_categ",
  "dim_metrics": {
    "noi": {
      "n": 135,
      "mae": 0.6180541580316496,
      "rmse": 0.7827600258992757,
      "pearson_r": 0.6293160207899763,
      "spearman_rho": 0.6755783167754614,
      "n_total": 181,
      "n_no_number": 46
    },
    "loud": {
      "n": 97,
      "mae": 0.6816181322819531,
      "rmse": 0.8846074561963768,
      "pearson_r": 0.4548088665308152,
      "spearman_rho": 0.45352801607528237,
      "n_total": 177,
      "n_no_number": 80
    },
    "col": {
      "n": 114,
      "mae": 0.737540334478135,
      "rmse": 0.8791009131556762,
      "pearson_r": 0.43723730389673376,
      "spearman_rho": 0.47018335257298843,
      "n_total": 170,
      "n_no_number": 56
    },
    "dis": {
      "n": 18,
      "mae": 0.8334597010669195,
      "rmse": 1.0515639963118697,
      "pearson_r": 0.2603972755194558,
      "spearman_rho": 0.2996403789964667,
      "n_total": 184,
      "n_no_number": 166
    }
  },
  "multi_dim_sample_stats": {
    "n_samples": 0,
    "n_full": 0,
    "n_partial": 0,
    "n_none": 0
  }
}