{
  "task": "multi_dim",
  "dim_metrics": {
    "mos": {
      "n": 712,
      "mae": 0.5305874362491559,
      "rmse": 0.700172236382616,
      "pearson_r": 0.7852606401991847,
      "spearman_rho": 0.7838198800768578,
      "n_total": 712,
      "n_no_number": 0
    },
    "noi": {
      "n": 712,
      "mae": 0.47366489018247193,
      "rmse": 0.6172549348593668,
      "pearson_r": 0.7821488193948885,
      "spearman_rho": 0.781190944173066,
      "n_total": 712,
      "n_no_number": 0
    },
    "col": {
      "n": 712,
      "mae": 0.4737094103027532,
      "rmse": 0.6039670555022109,
      "pearson_r": 0.7155813397808544,
      "spearman_rho": 0.700698909266369,
      "n_total": 712,
      "n_no_number": 0
    },
    "dis": {
      "n": 712,
      "mae": 0.6448812331535443,
      "rmse": 0.8604438089850377,
      "pearson_r": 0.6296154036450186,
      "spearman_rho": 0.5986042975795899,
      "n_total": 712,
      "n_no_number": 0
    },
    "loud": {
      "n": 712,
      "mae": 0.5192719914068337,
      "rmse": 0.669837710649922,
      "pearson_r": 0.6574093487767723,
      "spearman_rho": 0.6472703225279745,
      "n_total": 712,
      "n_no_number": 0
    }
  },
  "multi_dim_sample_stats": {
    "n_samples": 712,
    "n_full": 712,
    "n_partial": 0,
    "n_none": 0
  }
}